create database IF NOT EXISTS mobi_demo;

use mobi_demo;

INSERT INTO `brand` (`uuid`, `brand_name`) VALUES ('1EECFFEA858143E68B9DBF3C83D59D32','SONY'),('7C7882648B9211E18A527AC77905AF60','ALL'),('AA4C3984AF6D435491558536CE681CDD','AIWA');

INSERT INTO `category` (`uuid`, `category_name`, `parentCategory_uuid`) VALUES ('A9CE42B28B9211E18A527AC77905AF60','UNKNOWN',NULL),('B4286A4DD89E4889817E6E46A2A3C5CE','NORMAL',NULL),('C08FDDF343104FDE9D621400065B1CB8','SPECIAL','B4286A4DD89E4889817E6E46A2A3C5CE');

INSERT INTO `packagingvalue` (`package_id`, `content_quantity`) VALUES ('LSN',12),('PCS',1);

INSERT INTO `product` (`uuid`, `barcode_number`, `product_code`, `product_name`, `brand_uuid`, `category_uuid`, `package_code`) VALUES ('51BA879828284C72BE180D186C2C1258','902883','ABC001','ABC','7C7882648B9211E18A527AC77905AF60','C08FDDF343104FDE9D621400065B1CB8','LSN'),('6DB44888307248A6BE8F6D1AF2323600','12345123','ABC0001','TV ONE','1EECFFEA858143E68B9DBF3C83D59D32','C08FDDF343104FDE9D621400065B1CB8','LSN'),('972D733A3DF84DD3912D632FA9C103F1','0001','DATA01','DATA','AA4C3984AF6D435491558536CE681CDD','B4286A4DD89E4889817E6E46A2A3C5CE','PCS'),('ADF3B322AC064C41B2D9274CACFB8CFB','123123','HAHA0001','HAHAHA','AA4C3984AF6D435491558536CE681CDD','B4286A4DD89E4889817E6E46A2A3C5CE','PCS'),('B2FBBAD08B9311E18A527AC77905AF60',NULL,'TV001','TV/DVD DOUBLE DIN TOYOTA EG 08 GPS','7C7882648B9211E18A527AC77905AF60','A9CE42B28B9211E18A527AC77905AF60','PCS'),('B2FC02D88B9311E18A527AC77905AF60',NULL,'TV002','TV/DVD DOUBLE DIN YOYOTA EG 08','7C7882648B9211E18A527AC77905AF60','A9CE42B28B9211E18A527AC77905AF60','PCS'),('B2FC42FC8B9311E18A527AC77905AF60',NULL,'TV003','TV/DVD DOUBLE DIN YTOYOTA EG 150 GPS','7C7882648B9211E18A527AC77905AF60','A9CE42B28B9211E18A527AC77905AF60','PCS'),('B2FC95FE8B9311E18A527AC77905AF60',NULL,'TV004','TV/DVD DOUBLE DIN TOYOTA EG EG 150','7C7882648B9211E18A527AC77905AF60','A9CE42B28B9211E18A527AC77905AF60','PCS'),('B30176648B9311E18A527AC77905AF60',NULL,'TV005','TV/DVD DOUBLE DIN TOYOTA NECVOX','7C7882648B9211E18A527AC77905AF60','A9CE42B28B9211E18A527AC77905AF60','PCS'),('B301BAA28B9311E18A527AC77905AF60',NULL,'TV006','TV/DVD DOUBLE DIN UNIVERSAL I-05','7C7882648B9211E18A527AC77905AF60','A9CE42B28B9211E18A527AC77905AF60','PCS'),('B301F95E8B9311E18A527AC77905AF60',NULL,'TV007','TV/DVD DOBLE DIN UNIVERSAL EG GPS','7C7882648B9211E18A527AC77905AF60','A9CE42B28B9211E18A527AC77905AF60','PCS'),('B302361C8B9311E18A527AC77905AF60',NULL,'TV008','TV/DVD DOUBLE DIN UNIVERSAL EG','7C7882648B9211E18A527AC77905AF60','A9CE42B28B9211E18A527AC77905AF60','PCS'),('B30273AC8B9311E18A527AC77905AF60',NULL,'TV009 ','TV/DVD DOUBLE DIN SONY XAV 72 BT','7C7882648B9211E18A527AC77905AF60','A9CE42B28B9211E18A527AC77905AF60','PCS'),('B304B11C8B9311E18A527AC77905AF60',NULL,'TV010','TV/DVD DOUBLE DIN SONY XAV 722','7C7882648B9211E18A527AC77905AF60','A9CE42B28B9211E18A527AC77905AF60','PCS'),('B304F3B68B9311E18A527AC77905AF60',NULL,'TV011','TV/DVD DOUBLE DIN SONY XAV 622','7C7882648B9211E18A527AC77905AF60','A9CE42B28B9211E18A527AC77905AF60','PCS'),('B30542D08B9311E18A527AC77905AF60',NULL,'TV012','TV/DVD DOUBLE DIN PIONEER AVH 5350','7C7882648B9211E18A527AC77905AF60','A9CE42B28B9211E18A527AC77905AF60','PCS'),('B30594248B9311E18A527AC77905AF60',NULL,'TV013','TV/DVD DOUBLE DIN PIONEER AVH 4350','7C7882648B9211E18A527AC77905AF60','A9CE42B28B9211E18A527AC77905AF60','PCS'),('B305D5BA8B9311E18A527AC77905AF60',NULL,'TV014','TV/DVD DOUBLE DIN PIONEER AVH 2350','7C7882648B9211E18A527AC77905AF60','A9CE42B28B9211E18A527AC77905AF60','PCS'),('B30612D28B9311E18A527AC77905AF60',NULL,'TV015','TV/DVD DOUBLE DIN ALPINE IVA 520','7C7882648B9211E18A527AC77905AF60','A9CE42B28B9211E18A527AC77905AF60','PCS'),('B30656028B9311E18A527AC77905AF60',NULL,'TV016','TV/ DVD DOUBLE DIN KENWOOD DDX 4038','7C7882648B9211E18A527AC77905AF60','A9CE42B28B9211E18A527AC77905AF60','PCS'),('B30695408B9311E18A527AC77905AF60',NULL,'FD001','TV/DVD MONITOR ROOF XM 1200 CB','7C7882648B9211E18A527AC77905AF60','A9CE42B28B9211E18A527AC77905AF60','PCS'),('B306D4608B9311E18A527AC77905AF60',NULL,'FD002','TV/DVD MONITOR ROOF XM 102 CB','7C7882648B9211E18A527AC77905AF60','A9CE42B28B9211E18A527AC77905AF60','PCS'),('B30712D68B9311E18A527AC77905AF60',NULL,'FD003','TV/DVD MONITOR ROOF XM 9501 CBX','7C7882648B9211E18A527AC77905AF60','A9CE42B28B9211E18A527AC77905AF60','PCS'),('B3074FF88B9311E18A527AC77905AF60',NULL,'FD004','TV/DVD MONITOR ROOF 9501 ','7C7882648B9211E18A527AC77905AF60','A9CE42B28B9211E18A527AC77905AF60','PCS'),('B30F89668B9311E18A527AC77905AF60',NULL,'FD005','TV/DVD MONITOR ROOF ROSEN','7C7882648B9211E18A527AC77905AF60','A9CE42B28B9211E18A527AC77905AF60','PCS'),('B3160E588B9311E18A527AC77905AF60',NULL,'FD006','TV/DVD MONITOR ROOF EG-13 INCH','7C7882648B9211E18A527AC77905AF60','A9CE42B28B9211E18A527AC77905AF60','PCS'),('B317B7948B9311E18A527AC77905AF60',NULL,'FD007','TV/DVD MONITOR ROOF EG-10 INCH','7C7882648B9211E18A527AC77905AF60','A9CE42B28B9211E18A527AC77905AF60','PCS'),('B31AA09E8B9311E18A527AC77905AF60',NULL,'FD008','TV/DVD MONITOR ROOF ROSEN T8','7C7882648B9211E18A527AC77905AF60','A9CE42B28B9211E18A527AC77905AF60','PCS'),('B31B0CAA8B9311E18A527AC77905AF60',NULL,'FD009','TV MONITOR ROOF NECVOX 1169 BEIGE','7C7882648B9211E18A527AC77905AF60','A9CE42B28B9211E18A527AC77905AF60','PCS'),('B31B51F68B9311E18A527AC77905AF60',NULL,'FD010','TV MONITOR ROOFNESVOX 1269 GREY','7C7882648B9211E18A527AC77905AF60','A9CE42B28B9211E18A527AC77905AF60','PCS'),('B31B909E8B9311E18A527AC77905AF60',NULL,'FD011','TV MONITOR ROOF NESVOX A8','7C7882648B9211E18A527AC77905AF60','A9CE42B28B9211E18A527AC77905AF60','PCS'),('B31BD07C8B9311E18A527AC77905AF60',NULL,'FD012','TV MONITOR ROOF KHUSUS INNOVA','7C7882648B9211E18A527AC77905AF60','A9CE42B28B9211E18A527AC77905AF60','PCS'),('B31C1A968B9311E18A527AC77905AF60',NULL,'FD013','TV/DVD MONITOR ROOF ALPINE PKGRS-E2','7C7882648B9211E18A527AC77905AF60','A9CE42B28B9211E18A527AC77905AF60','PCS'),('B31EA7528B9311E18A527AC77905AF60',NULL,'FD014','TV MONITOR ROOF ALPINE TMX-R 2150 (GREY)','7C7882648B9211E18A527AC77905AF60','A9CE42B28B9211E18A527AC77905AF60','PCS'),('B31F08E68B9311E18A527AC77905AF60',NULL,'FD015','TV MONITOR ROOF ALPINE 2150 (BEIGE)','7C7882648B9211E18A527AC77905AF60','A9CE42B28B9211E18A527AC77905AF60','PCS'),('B31F46BC8B9311E18A527AC77905AF60',NULL,'FD016','TV MONITOR ROOF ALPINE 1050 (BEIGE)','7C7882648B9211E18A527AC77905AF60','A9CE42B28B9211E18A527AC77905AF60','PCS'),('B31F7FA68B9311E18A527AC77905AF60',NULL,'HR001','TV/DVD MONITOR HEADREST EG-808 HITAM','7C7882648B9211E18A527AC77905AF60','A9CE42B28B9211E18A527AC77905AF60','PCS'),('B3215C0E8B9311E18A527AC77905AF60',NULL,'HR002','TV/DVD MONITOR HEADREST EG-808 CREAM','7C7882648B9211E18A527AC77905AF60','A9CE42B28B9211E18A527AC77905AF60','PCS'),('B323E15E8B9311E18A527AC77905AF60',NULL,'HR003','TV MONITOR HEADREST EG-807 HITAM','7C7882648B9211E18A527AC77905AF60','A9CE42B28B9211E18A527AC77905AF60','PCS'),('B324229A8B9311E18A527AC77905AF60',NULL,'HR004','TV MONITOR HEADREST EG-807 CREAM','7C7882648B9211E18A527AC77905AF60','A9CE42B28B9211E18A527AC77905AF60','PCS'),('B328FAD68B9311E18A527AC77905AF60',NULL,'HR005','TV MONITOR HEADREST EG-706 HITAM','7C7882648B9211E18A527AC77905AF60','A9CE42B28B9211E18A527AC77905AF60','PCS'),('B3294BDA8B9311E18A527AC77905AF60',NULL,'HR006','TV MONITOR HEADREST EG-706 CREAM','7C7882648B9211E18A527AC77905AF60','A9CE42B28B9211E18A527AC77905AF60','PCS'),('B3298D488B9311E18A527AC77905AF60',NULL,'HR007 ','TV MONITOR HEADREST EG-906 HITAM','7C7882648B9211E18A527AC77905AF60','A9CE42B28B9211E18A527AC77905AF60','PCS'),('B329C2CC8B9311E18A527AC77905AF60',NULL,'HR008','TV MONITOR HEADREST EG-906 CREAM','7C7882648B9211E18A527AC77905AF60','A9CE42B28B9211E18A527AC77905AF60','PCS'),('B329FA768B9311E18A527AC77905AF60',NULL,'HR009','TV MONITOR HEADREST BATONZ','7C7882648B9211E18A527AC77905AF60','A9CE42B28B9211E18A527AC77905AF60','PCS'),('B32A3A4A8B9311E18A527AC77905AF60',NULL,'HR010','TV/DVD MONITOR HEADREST BATONZ','7C7882648B9211E18A527AC77905AF60','A9CE42B28B9211E18A527AC77905AF60','PCS'),('B32D4B688B9311E18A527AC77905AF60',NULL,'CAM001','REAR VIEW CAMERA FOR ALPHARD','7C7882648B9211E18A527AC77905AF60','A9CE42B28B9211E18A527AC77905AF60','PCS'),('B32D96D68B9311E18A527AC77905AF60',NULL,'CAM002','REAR VIEW CAMERA FOR FORTUNER','7C7882648B9211E18A527AC77905AF60','A9CE42B28B9211E18A527AC77905AF60','PCS'),('B32DF4008B9311E18A527AC77905AF60',NULL,'CAM003','REAR VIEW CAMERA FOR LIVINA','7C7882648B9211E18A527AC77905AF60','A9CE42B28B9211E18A527AC77905AF60','PCS'),('B32F9E0E8B9311E18A527AC77905AF60',NULL,'CAM004','REAR VIEW CAMERA NISSAN MARCH','7C7882648B9211E18A527AC77905AF60','A9CE42B28B9211E18A527AC77905AF60','PCS'),('B32FE6E88B9311E18A527AC77905AF60',NULL,'CAM005','REAR VIEW CAMERA MAZDA 2X3','7C7882648B9211E18A527AC77905AF60','A9CE42B28B9211E18A527AC77905AF60','PCS'),('B3302F368B9311E18A527AC77905AF60',NULL,'CAM006','REAR VIEW CAMERA 388 AL CCD','7C7882648B9211E18A527AC77905AF60','A9CE42B28B9211E18A527AC77905AF60','PCS'),('B33084548B9311E18A527AC77905AF60',NULL,'CAM007','REAR VIEW CAMERA 388 A CCD','7C7882648B9211E18A527AC77905AF60','A9CE42B28B9211E18A527AC77905AF60','PCS'),('B330D5128B9311E18A527AC77905AF60',NULL,'CAM008','REAR VIEW CAMERA 1688 AL CCD','7C7882648B9211E18A527AC77905AF60','A9CE42B28B9211E18A527AC77905AF60','PCS'),('B3311ED28B9311E18A527AC77905AF60',NULL,'CAM009','REAR VIEW CAMERA 1688 A CCD','7C7882648B9211E18A527AC77905AF60','A9CE42B28B9211E18A527AC77905AF60','PCS'),('B33161628B9311E18A527AC77905AF60',NULL,'CAM010','REAR VIEW CAMERA CRV CCD','7C7882648B9211E18A527AC77905AF60','A9CE42B28B9211E18A527AC77905AF60','PCS'),('B331C1B68B9311E18A527AC77905AF60',NULL,'CAM011','REAR VIEW CAMERA FIT CCD','7C7882648B9211E18A527AC77905AF60','A9CE42B28B9211E18A527AC77905AF60','PCS'),('B33207F28B9311E18A527AC77905AF60',NULL,'CAM012','REAR VIEW CAMERA 388 AL ','7C7882648B9211E18A527AC77905AF60','A9CE42B28B9211E18A527AC77905AF60','PCS'),('B332575C8B9311E18A527AC77905AF60',NULL,'CAM013','REAR VIEW CAMERA 388 A','7C7882648B9211E18A527AC77905AF60','A9CE42B28B9211E18A527AC77905AF60','PCS'),('B3329C308B9311E18A527AC77905AF60',NULL,'CAM014','REAR VIEW CAMERA 1688 AL ','7C7882648B9211E18A527AC77905AF60','A9CE42B28B9211E18A527AC77905AF60','PCS'),('B333E5688B9311E18A527AC77905AF60',NULL,'CAM015','REAR VIEW CAMERA 1688 A','7C7882648B9211E18A527AC77905AF60','A9CE42B28B9211E18A527AC77905AF60','PCS'),('B3342D988B9311E18A527AC77905AF60',NULL,'CAM016','REAR VIEW CAMERA CRV ','7C7882648B9211E18A527AC77905AF60','A9CE42B28B9211E18A527AC77905AF60','PCS'),('B33475FA8B9311E18A527AC77905AF60',NULL,'CAM017','REAR VIEW CAMERA FIT ','7C7882648B9211E18A527AC77905AF60','A9CE42B28B9211E18A527AC77905AF60','PCS'),('B334BABA8B9311E18A527AC77905AF60',NULL,'RS001','REMOTE STIR UNIVERSAL','7C7882648B9211E18A527AC77905AF60','A9CE42B28B9211E18A527AC77905AF60','PCS'),('B33515AA8B9311E18A527AC77905AF60',NULL,'RS002','REMOTE STIR PIONEER','7C7882648B9211E18A527AC77905AF60','A9CE42B28B9211E18A527AC77905AF60','PCS'),('B337FFCC8B9311E18A527AC77905AF60',NULL,'RS003','REMOTE STIR ALPINE','7C7882648B9211E18A527AC77905AF60','A9CE42B28B9211E18A527AC77905AF60','PCS'),('B3427B508B9311E18A527AC77905AF60',NULL,'RS004','REMOTE STIR SONY','7C7882648B9211E18A527AC77905AF60','A9CE42B28B9211E18A527AC77905AF60','PCS'),('B342BEC68B9311E18A527AC77905AF60',NULL,'RS005','REMOTE STIR KENWOOD','7C7882648B9211E18A527AC77905AF60','A9CE42B28B9211E18A527AC77905AF60','PCS'),('B342FFE48B9311E18A527AC77905AF60',NULL,'NAV001','GPS UNIVERSAL','7C7882648B9211E18A527AC77905AF60','A9CE42B28B9211E18A527AC77905AF60','PCS'),('B34343468B9311E18A527AC77905AF60',NULL,'NAV002','GPS PIONEER ','7C7882648B9211E18A527AC77905AF60','A9CE42B28B9211E18A527AC77905AF60','PCS'),('B343827A8B9311E18A527AC77905AF60',NULL,'NAV003','GPS ALPINE','7C7882648B9211E18A527AC77905AF60','A9CE42B28B9211E18A527AC77905AF60','PCS'),('B3476D9A8B9311E18A527AC77905AF60',NULL,'NAV004','GPS SONY','7C7882648B9211E18A527AC77905AF60','A9CE42B28B9211E18A527AC77905AF60','PCS'),('B347A6488B9311E18A527AC77905AF60',NULL,'NAV005','GPS KENWOOD','7C7882648B9211E18A527AC77905AF60','A9CE42B28B9211E18A527AC77905AF60','PCS');

INSERT INTO `store` (`uuid`, `address`, `phone_number`, `store_name`, `parentStore_uuid`) VALUES ('0463A24D14FB4EBFBB99E367A76FDCD3',0x4A6C6E2E204D6572757961205075736174,'6663771','MERUYA ACOUSTIC',NULL),('052FF45ACA2E4A7F86E47960360AA3E3',0x6A61736461,'123123','CABANG2',NULL),('0D3ECCACC037486A9C062DE76DBC1B35',0x446F6F6F72,'772817271','DESTINY',NULL),('2FD4D987173F4AEC861A059CFCF6FF42',0x5361626172207375627572,'887377721','HONDAPART',NULL),('4086D907F1C2483E811D8CD16894E6C5',0x686168616861686168,'7726636','AAAAAA',NULL),('41560661B6CC41A3A7C2EAA9BC69C455',0x597568757575,'88377281','FINEDIRA',NULL),('54B17827224E455CBAEEAFCCB10AC97D','','','STYLING',NULL),('553C253922684B94AF5136D565EFBDBB',0x4A6C6E2E204B656D6172656E20616A6568,'9876237','PT. KEMAREN',NULL),('596A775F2CB6487EADFCB2C08C13E92A',0x4A6C6E2E2054616D616E2053656D616E616E20496E646168204949,'77827361','CACACA',NULL),('5F1957C0722C42D39E47443BC576A6CF',0x4A6C6E2E204A616C616E,'5562663','HANDY MOTOR',NULL),('642628EC3BB94DD2978EA7AC34DC6AB2',0x4A4C2E20504154494D555241,'4567890','ADIRA',NULL),('6C110585F5A043CBB45628248654BBED',0x4A4C6E2E206B616E,'83721928','TURNAMENT',NULL),('6C59E7A88C4E453A9EE07F0749BDED72',0x6173616C616E616E616E61,'5555222111','GAGAGAGA',NULL),('75215D812F324FFEAB67B559D6D5708B',0x756969696969,'12312455','DARIONA',NULL),('A1334E7ABAF24F239FA88DA8E1C8C22B',0x4875727279,'8276354','HURICANE',NULL),('B4B25DE4F752420FB430EF36E5F1B8E3',0x636162616E67203320626F73,'123123','CABANG3',NULL),('CC8458D88F374FAAB4DD4D1D5FE5D522',0x616A736A646A,'1288371723','PUSAT',NULL),('D634CDB943334D26A4C42A77F6E1B7D4',0x4A6C6E2E204B656D616E67676973616E2044616C616D,'6273612','DUDUDU',NULL),('EB6F147BAF774C1186CF029D3BAD7214',0x6A6C,'66666666','audiopro',NULL),('EB75253544894935948440468C160C96',0x434162616E6731,'123123123123','CABANG1',NULL);

INSERT INTO `productstore` (`last_calculation_time`, `quantity`, `store_id`, `product_id`) VALUES (NULL,20,'0463A24D14FB4EBFBB99E367A76FDCD3','6DB44888307248A6BE8F6D1AF2323600'),(NULL,200,'CC8458D88F374FAAB4DD4D1D5FE5D522','6DB44888307248A6BE8F6D1AF2323600'),(NULL,1000,'CC8458D88F374FAAB4DD4D1D5FE5D522','972D733A3DF84DD3912D632FA9C103F1'),(NULL,100,'EB75253544894935948440468C160C96','972D733A3DF84DD3912D632FA9C103F1'),(NULL,150,'B4B25DE4F752420FB430EF36E5F1B8E3','ADF3B322AC064C41B2D9274CACFB8CFB'),(NULL,100,'CC8458D88F374FAAB4DD4D1D5FE5D522','ADF3B322AC064C41B2D9274CACFB8CFB'),(NULL,300,'CC8458D88F374FAAB4DD4D1D5FE5D522','B30542D08B9311E18A527AC77905AF60');

INSERT INTO `role` (`role`, `description`) VALUES ('Administrator',''),('Operator','Operator'),('Purchasing','Purchasing'),('Report','Report'),('User','');

INSERT INTO `user` (`email_address`, `first_name`, `last_name`, `password`, `phone_number`) VALUES ('brainmaster716','application','creator',0x6662366338356265353732363232643936383939366234663364323632333965,'12345');